OverallQual,0.19970250129699707
GarageCars,0.1670425981283188
hasFireplaces,0.14638321101665497
ExterQual,0.10447932034730911
BsmtQual,0.10304102301597595
GrLivArea,0.029230419546365738
Neighborhood,0.028523992747068405
FullBath,0.018829070031642914
KitchenQual,0.014730140566825867
KitchenAbvGr,0.012012005783617496
2ndFlrSF,0.011583157815039158
PoolArea,0.011351209133863449
1stFlrSF,0.009836657904088497
GarageCond,0.009097706526517868
TotRmsAbvGrd,0.00846600066870451
GarageQual,0.008056857623159885
BsmtFinSF1,0.007292249705642462
TotalBsmtSF,0.007121727801859379
GarageFinish,0.006175209768116474
CentralAir,0.0061526731587946415
FireplaceQu,0.005551076959818602
LandContour,0.005292972084134817
